Node,Q,Omega,Energy
1,1,1,0.1570747323613421;0.12309096623609271;0.10008597906691685;0.08212951174372718;0.07441020285078088;0.0823983729028999;0.07030426706168263;0.06850110238269001;0.07893175506686802;0.07666895618955703;0.07599951313332809;0.09312547228660707;0.09939163224080433;0.09538465503857417;0.07800370504171289;0.07817186083388403;0.07924638034890079;0.07592502983571478;0.08744132125430774;0.09010978734534252;0.09510341245952944;0.09589335201035847;0.09256188946974088;0.0935946980877104
1,1,2,0.34846158392885357;0.34223048621532653;0.3462076135932211;0.3605300262210834;0.34513330110254076;0.34508367327175565;0.3478675190004813;0.3417307598082238;0.3488762356124844;0.3650386291745302;0.35782771242611516;0.3622263880320044;0.3617357066437839;0.36773265922191256;0.3405492082732093;0.33673064141310155;0.3238405530030423;0.3247340983056874;0.33057553432186787;0.30340870934682773;0.27623854925790853;0.25585458036716086;0.24971408400774953;0.24222047037292097
1,1,3,0.31022394121596103;0.29855561278134585;0.29323287181061014;0.2884616604419976;0.2873066206769751;0.2812123968193825;0.2639736651380071;0.2473958998935386;0.22428827785729205;0.20404491667848856;0.16441030684681932;0.14560905867894094;0.1385218765822257;0.12895916094177892;0.11391829687935388;0.09996621182038833;0.09701216825320545;0.08086264162871336;0.08021263733927488;0.07152092649972412;0.07924671002081395;0.09795503889543915;0.11663471443839438;0.1196042222744877
1,1,4,0.12186269351370851;0.11787537260411936;0.10260824325191611;0.09513688532219707;0.0908488417437037;0.09890105520331194;0.1093157755130474;0.11337256951492014;0.12336040370636031;0.12946484442829223;0.1438278930057157;0.1776330681010376;0.18454890825396889;0.19083262640585008;0.1964689499633419;0.2220207614939751;0.2222332504116579;0.21011637408827627;0.2139730776006971;0.23061193196344282;0.228678693533391;0.22103929653564328;0.2258377850395114;0.21790319046558992
1,1,5,0.39625347112334863;0.41108272337975477;0.4160204209020916;0.41001106820608;0.4536923464582914;0.47839257659438844;0.43482071279500173;0.4335309348825941;0.45939046869624206;0.4628117327277949;0.4717328846792853;0.4706480157208196;0.5094493478926981;0.5558361551665025;0.5886199018484873;0.5790189803014512;0.5902417014339728;0.583031697662835;0.5724423021253832;0.6068324952289548;0.5877283524582622;0.5711777928292204;0.5527465865180905;0.5074404651146004
1,1,6,0.24531087423719175;0.22847452232376908;0.25318616953866785;0.26765536026912146;0.2704539186852605;0.26979529221337306;0.2864369191122436;0.3002479159123469;0.30427675655885755;0.321151856654852;0.30923435575715724;0.3019698632533011;0.29524556964924825;0.2712079167525725;0.2512532347354776;0.21773582197328117;0.17922115679394263;0.17179153181800458;0.13965076161418818;0.12219316285401635;0.1138980124989164;0.10636040583303177;0.10698592051193964;0.11081621205416373
1,1,7,0.2583562506225475;0.2634989602270398;0.25262765780767593;0.23167659724990844;0.2046835383937044;0.1810203530147399;0.1396412816562821;0.10486313485816083;0.08056884589136097;0.05503106814896846;0.05182392632731327;0.05066576630101079;0.043829006921129975;0.03482135371226601;0.050628962379017005;0.06118137210833407;0.07133594875145383;0.0821756211806253;0.09804258597288974;0.08321749424176021;0.09642182953745092;0.09390105180073435;0.10619147871172771;0.11513881616964883
1,1,8,0.2732911095900674;0.26942175593450257;0.25841665656415025;0.2601130883554734;0.24129636386141368;0.21927547577101208;0.2027231952154131;0.1840591527949227;0.17550051364758712;0.15810546960287103;0.1595061527084157;0.17393993743468755;0.1835067359036721;0.17641291674590132;0.17902011000973533;0.20033691538100565;0.21489772224730672;0.21872046522404848;0.22144527371108627;0.21849783823019425;0.2145696443433941;0.23179336013806087;0.22755284523767474;0.23368000076390838
1,1,9,0.46824838509969235;0.5082882081643417;0.5529944511482603;0.5721684011505477;0.574611912495766;0.5424251307357916;0.5129821396879827;0.5009849153522685;0.48177897452550167;0.4469568111735464;0.464085349318118;0.47756419583842513;0.4397141960101772;0.42842217603081134;0.4219015495770357;0.42035163875146253;0.3941320875337722;0.3755074517966929;0.3226271942124995;0.25524000466425517;0.2346386808266151;0.24242695710469417;0.2566726918151497;0.25025134303847274
1,1,10,0.17462578901374332;0.17203636401105363;0.16419986187425745;0.17381274400138996;0.20625881381005282;0.23133028417205614;0.24905064675867777;0.2655548308651782;0.3005436810074085;0.2960875424346512;0.3007868038808348;0.31755062577604076;0.3374435733380961;0.3443078466058057;0.35657057676750126;0.3590602514386788;0.3742477302415199;0.3822186438422311;0.381106591562055;0.35404536838099476;0.329227306150568;0.32276952367284045;0.3155713271785336;0.2843740342436517
2,2,1,0.1521226120224575;0.14101318963089407;0.12438682009418872;0.11376918878966116;0.1001401139088015;0.10283381091586215;0.1094323045845017;0.10819513516814805;0.11341420581675649;0.11950935926422294;0.12745263518038993;0.16745025588785822;0.1703904012091459;0.18302791984729186;0.1991635689387074;0.22980768156579992;0.23455000686303304;0.22439341531441756;0.24017625940496978;0.26199925627302434;0.25002154262558024;0.24332670484402769;0.2469562170088639;0.2411349981504415
2,2,2,0.4477168849726588;0.4411140150170393;0.450210370455775;0.4588771472716504;0.45457376849340597;0.452876873869636;0.4540238209658374;0.45353580350177153;0.45787094922743277;0.4745233212556253;0.4606766354852225;0.45821429999737917;0.46045639638759184;0.46684517608367426;0.44139669330807485;0.4357925376640921;0.4199407576838283;0.4193801663267337;0.4233007411837502;0.40146682912344955;0.37640311756521994;0.3548931622843572;0.3462676093590707;0.3326747750092646
2,2,3,0.5384262865633378;0.550780376817646;0.5562595047337873;0.5498385503622072;0.5926343884808623;0.6196370120013508;0.577068624805531;0.5728991955479045;0.5987856164875521;0.6034834968575613;0.6123056675527657;0.6117273592498758;0.6503874446106308;0.6992542209801976;0.734929446721312;0.7277043682169482;0.7389763060410973;0.7333895226008752;0.7230742587002175;0.7576447605541151;0.741459916125479;0.7242867489579554;0.7057585592777026;0.6599727509534943
2,2,4,0.35101000133942045;0.3528615550765292;0.33861093546052856;0.3218662043549443;0.29835076048351733;0.27263324860185423;0.2326149803787721;0.1984166932666166;0.16195519902261757;0.12562348673128032;0.11311849099864874;0.0969064178267557;0.0685939098894309;0.05251619045609761;0.05682410123576929;0.07151101247899813;0.0830752300295719;0.09194563558073313;0.10727002861866802;0.09847362147274423;0.10956695819275904;0.1122507575393054;0.12071896014121122;0.13372412182311785
2,2,5,0.2299264796198195;0.2274527572073752;0.21521100892845163;0.22234511026103881;0.24411285302289204;0.26655300804641424;0.28898784676816336;0.3092069009419034;0.34865140721932164;0.35137949864844875;0.3635475823963209;0.3770593136529415;0.39114489569199484;0.3981953513945154;0.4047103510461206;0.4119525920875013;0.4263902518579984;0.4292004499891974;0.4241980167753242;0.39816002924593447;0.38470965523495;0.3703339434935548;0.3602093654780863;0.3353723535066355
2,2,6,0.4523830318365705;0.42923081028252247;0.4307551919397955;0.4326371933090563;0.42477121676540763;0.424587949546989;0.4029373927875682;0.37097862152616656;0.3391438916990051;0.3061830673635806;0.2523917577447945;0.23770994374095775;0.2285401977825477;0.21168538816860077;0.20338700855176406;0.18859140709161726;0.1785963860866685;0.15561114510949955;0.14024617358059543;0.12193520340931326;0.13068100346187958;0.14616757759356244;0.16390786635314825;0.16973017831210113
2,2,7,0.31898086757947147;0.3252650769261386;0.3185914623095671;0.3152042852847236;0.2991066526616173;0.28247695015321445;0.27852022028070933;0.2730737182282532;0.26529785848779525;0.2523147054794237;0.24417625284925493;0.25403896525691516;0.2682614616040642;0.269850398478353;0.26574103643211155;0.2739108390885585;0.2819584570064123;0.2886254365448315;0.2806820825864868;0.27757231138776506;0.28001902453009064;0.2940555878482084;0.29448363854361226;0.29808800141643277
2,2,8,0.19831131748191472;0.16532529521641615;0.13841138715880408;0.12334607884562182;0.10986249688709591;0.11299807162637865;0.1020318404972323;0.09079880231029272;0.09438104884921816;0.08632126822245464;0.08437379326153685;0.09984954976406339;0.10882782072400737;0.10270998000839836;0.08200398083672504;0.08085151417647132;0.08308743456874296;0.08063586608334199;0.09200703638700673;0.09487826417785888;0.09962820791327673;0.10478574668491192;0.09988908770592599;0.10315332926895054
2,2,9,0.30036910901109437;0.2793395840340045;0.294037440416034;0.3025105902152309;0.31044826757925736;0.3089921214564152;0.3132029325283728;0.32482249243696054;0.3447807323619404;0.3696814913000911;0.36937438207243967;0.36972070841160654;0.3611649567414672;0.32771906696732417;0.30959127516039453;0.2748804074119591;0.2348535641766383;0.20986934486384412;0.17992753906898776;0.15617977269439884;0.14003007799406136;0.12662309801856558;0.13067108271941258;0.11837028685350365
2,2,10,0.6492574124197452;0.672541919306934;0.704140364129234;0.7198385738534715;0.7238428739293323;0.6920394887143313;0.6686706874558194;0.6546360267598405;0.6358874139318931;0.6008999383384677;0.6240423565519163;0.6405940935333373;0.6128475295041487;0.5969073819727262;0.5777310142067155;0.5663342708684909;0.5288123738594976;0.5204852191750097;0.4726401598781434;0.4053086012137318;0.3764930323112436;0.3842401816833948;0.39205698026529734;0.38956405423203266
3,3,1,0.1564542077609457;0.1550646517335861;0.12792789155614165;0.1114025411292192;0.11690869955644409;0.12744897059788265;0.1371925517783973;0.13699158040373766;0.1531062353706996;0.14640335499881962;0.1545460031969119;0.18384587790953003;0.2076271099588266;0.21358865857180923;0.20710417169460105;0.20979146731020154;0.19221574875654773;0.18105007535369005;0.1760185456047817;0.16612645604275644;0.13984416499564756;0.12163779054292347;0.11460053201263001;0.10942633509454577
3,3,2,0.2674575437157601;0.25110669517162615;0.28109164087692873;0.2940597115530975;0.30207708885286766;0.3030088457715616;0.309698474850031;0.32017720198503424;0.32008729584422096;0.33554421927047884;0.32575648419775377;0.31550441012273245;0.30832355062310507;0.28323257847260813;0.2671946859201498;0.23979588626340298;0.19952583744350413;0.18834424313175227;0.1621566427343342;0.14332660599712788;0.13013038199682092;0.11276593920189824;0.11274191307978583;0.1123513608894967
3,3,3,0.41551646968398914;0.4306621559260148;0.43551578050365164;0.42958230678639436;0.4733889340132873;0.4978864675387999;0.45438707369160286;0.4535941700769274;0.479506647299398;0.4828801411802649;0.49196659714777036;0.4909811991647578;0.5299690095063012;0.5762764529774084;0.609068769013322;0.5996512747955687;0.6113542900350792;0.6044092191873223;0.5942441447761087;0.6290192663575614;0.6099925301803015;0.5939669160632961;0.5759087905121294;0.5309564900195294
3,3,4,0.22050574174868376;0.20681878794427191;0.1880433843544642;0.16692726064103613;0.14413984254539908;0.12955728306437128;0.10236427958580813;0.07614072708449118;0.06816088416339719;0.05474700135963374;0.05584339731606503;0.06476865636435926;0.06791510794465017;0.057822015778325644;0.058521542869952266;0.0659525993170682;0.07289568799464924;0.07617558404747163;0.08967389921291667;0.08810383436923287;0.0966531725525916;0.0980795700135766;0.09525970466610978;0.1036584039542713
3,3,5,0.20469528095625292;0.20189933308951657;0.18795876492702465;0.19219708532937502;0.20905581393814543;0.23076951359107195;0.25193237912322364;0.2674667302485359;0.31086956617946676;0.3132828547824373;0.31868084642355166;0.34334727187156405;0.35434777599180317;0.35627034077624964;0.3537219682224233;0.3580143582286186;0.36609417987846726;0.367539363724908;0.3588909163715906;0.32840179661178753;0.30430515529002117;0.2874088942538834;0.28001860699724374;0.2586125334936116
3,3,6,0.48911098767510114;0.5294320038472025;0.5740038918260997;0.5931776395239972;0.5958574222495598;0.5640052005286428;0.535082314918725;0.5234631136896855;0.5044675003700985;0.46988870817800144;0.48729538433472686;0.5006401026499913;0.46278739884742875;0.4518142997766462;0.44530083012595517;0.4437514299808537;0.4174883136130255;0.398974789900587;0.3460705219826924;0.278846194391286;0.2583380571581244;0.26578811084387605;0.2795581883235636;0.2726820776902717
3,3,7,0.25235290379212333;0.2545685589347834;0.24450560452909326;0.23562424957582365;0.2186846730088996;0.2026808099168623;0.2021385108549792;0.2042764390013039;0.21014710897639433;0.20397279437298835;0.1967980138644494;0.20560518358703972;0.20242414498237088;0.20027348547457893;0.20411990617604112;0.21454753987324857;0.2284130055892094;0.23729837905173642;0.2493566848432184;0.2555995909776038;0.2746948571674422;0.2943045339970394;0.3090806894827125;0.29458515363259125
3,3,8,0.3319925625882999;0.3174496112407921;0.3139511264258441;0.3119712271275178;0.30498855493234617;0.29683922758094916;0.2729111635528885;0.24988797738534385;0.21963250710834803;0.19530198346415403;0.16479464017891868;0.1454340088733797;0.13292816515049638;0.12058112286209396;0.10800715868872426;0.10241715549530606;0.10462694861222697;0.09532689271964691;0.096787595914428;0.08766144377001131;0.09627672765276069;0.11492736821987705;0.134004316246571;0.13916113304286726
3,3,9,0.09385071594334395;0.05020712518985917;0.04012990785186936;0.05955163195377175;0.0460158947809499;0.06365378206482727;0.05502266879094833;0.06448982715958702;0.06401804610912461;0.07562895289490956;0.060651096349639104;0.11518711236469047;0.10167335842158665;0.10794580296252587;0.12096119785939567;0.1638184528986071;0.18527897843364324;0.16613457766920667;0.18726889640077796;0.23120142058852938;0.26133910918522135;0.2736810024620811;0.29295155008822676;0.3144726846448217
3,3,10,0.3583072445175407;0.3459647958599615;0.35750333897937425;0.3790491500483117;0.3729456244247703;0.3733028163841158;0.3764968844951153;0.3740141236517824;0.3724123249069196;0.3849352926384575;0.37779039737032777;0.3750009988061289;0.3870982232767397;0.39534972066969004;0.3678597139680583;0.363745456571807;0.3593566166440145;0.3673971968375519;0.3732066436787328;0.3487949251616552;0.32167737276317104;0.31499252315567594;0.3023056167552155;0.29398996896102536
4,4,1,0.27286698910421264;0.2763194315875445;0.25955765074585746;0.24493675333086493;0.22586780468730264;0.1968496995465794;0.1610484817727719;0.132713461463356;0.10693171508270108;0.08749908353959004;0.07965124030137292;0.06843647663959228;0.05426907053494954;0.04499604999340278;0.05131360051592319;0.062008135923577096;0.07082275248008242;0.0798897987816934;0.08753156347310524;0.07954744558507879;0.08908541288562563;0.08956688670591027;0.09763021501917349;0.11095712061130156
4,4,2,0.21327563043479156;0.20570234864879858;0.2047864556099971;0.2208093479244758;0.2383831426975129;0.252414325770112;0.2690481314258458;0.2787885695275062;0.30994140325846253;0.3101476386534317;0.3089484480045718;0.327051866538839;0.34595663667316673;0.35241043511914755;0.35170880862629306;0.35448164018239425;0.3622275636178211;0.371777905792016;0.373055598595248;0.3418296936348192;0.32237429858986894;0.30930822029153526;0.30605740795727887;0.2834182572213937
4,4,3,0.15615991651818578;0.1573267068295566;0.13012316140772565;0.11360345390263314;0.11582039934717653;0.12425734316042364;0.13010994774278165;0.13442867353098134;0.15289040298829465;0.14909107200814836;0.1586514625104166;0.18605337123110605;0.20996138472006037;0.21660152322619897;0.20816694718245796;0.21031467333086412;0.19876942323005736;0.1848769244939794;0.18074828707357632;0.1713128816895143;0.14844618183586233;0.12674102667253287;0.11301845679375795;0.10584893951544252
4,4,4,0.2690343564398692;0.2655005943079495;0.28758695639693954;0.28923149356220046;0.2806056232092932;0.275373836129805;0.28790693035942255;0.2983393423749389;0.30602421640831373;0.3233141779710198;0.3247290568106432;0.31491242791291474;0.309837028977536;0.29110906175745765;0.26223919632207404;0.24219096679112373;0.2119147286961243;0.20224835737398958;0.1782496639365767;0.16231873385731163;0.15197974489059315;0.1387970330247649;0.13580408947919348;0.12907043831689755
4,4,5,0.41436626062616355;0.43392466473615626;0.4586764369702936;0.4722437547958199;0.4716254559728087;0.46843598323379765;0.4501468153713013;0.4399085671376195;0.4293827181776168;0.42079452274516826;0.42641335163941774;0.4306347584203809;0.41259151195234806;0.41147685268213896;0.395065523266955;0.38374169595584817;0.36659734915098935;0.35729752221904365;0.33144015278673294;0.29424568646112165;0.26703884253865773;0.27078089465809363;0.269798729390502;0.26701255274056523
4,4,6,0.17177014482410413;0.1375126218059093;0.11499769026585246;0.10123782157659689;0.09157863756913578;0.0890514730176572;0.07772441748085349;0.06493965589448189;0.06475049848290243;0.0520225966137631;0.056803771440259714;0.07390341785716112;0.08446731265304659;0.07968389593320074;0.06257522549875454;0.06803892223405458;0.07386857779781167;0.07582196968295253;0.08838017666467624;0.09506834792223778;0.10661062724625608;0.11507208684280144;0.113143510686528;0.11121683946405021
4,4,7,0.3952234895713318;0.4118055608160704;0.415665710524692;0.4095923958550949;0.4536365828102551;0.4759776281789009;0.43158366654147445;0.432896409009749;0.45846369047352975;0.46061355477747556;0.46966442150913706;0.46819364584074663;0.5072380895835357;0.5516407363066055;0.5824725805718985;0.5717250033733289;0.5839789811375059;0.5763096435737307;0.5664924844176846;0.6016086210133499;0.5808159946269578;0.5658696107416127;0.5483235328768201;0.5040746584211626
4,4,8,0.1151841417323536;0.08038333742173599;0.06209393243760381;0.07893933134813837;0.05610362801988302;0.07376885354510193;0.061202607343920086;0.07248684561736372;0.06738311581537706;0.10349504530004779;0.10199845246660921;0.1489945242615553;0.11396937238707693;0.12931052515254568;0.15688154337197766;0.21533845420193093;0.22175523884593207;0.20110770103175135;0.22641489703997356;0.28402888289169487;0.2941985607207776;0.3120911936627009;0.3329320081693477;0.36548935969669055
4,4,9,0.3181224131767713;0.2963552261195766;0.30066170897828165;0.29915050921495806;0.2987302589224881;0.30636438489484324;0.2907966851549074;0.27801653342765253;0.2512737003544718;0.2325901320828571;0.18721391502369555;0.17430922947442787;0.16375110727154754;0.145724611191078;0.14402417904402592;0.12939736635649407;0.11545975691191117;0.09911986995027122;0.09787964644466801;0.07891928266973876;0.08552058685010784;0.09852388120763746;0.11918462443042017;0.12198594347283909
4,4,10,0.2707212384529807;0.26160045661152675;0.2589920433157347;0.2618854616248406;0.24310270508050874;0.22645724789268787;0.2141490490587997;0.19935904840840218;0.19608854397883468;0.17855932516133544;0.1674038014188201;0.18338567524543478;0.18447945527298784;0.17446426794286712;0.17428041607318484;0.18754052161756365;0.20528684304360545;0.21049419231500072;0.2177443753483673;0.2221316451415193;0.23148478739715522;0.2526413785777455;0.26738368729030804;0.26844484507805866
5,5,1,0.4469396662951649;0.42415818615268447;0.43334735300051214;0.4453742540233792;0.438357462815517;0.43387108752996606;0.4350268483101719;0.4169094701945828;0.4080413118838301;0.39215728203678063;0.35325986905482687;0.33899928509896926;0.3229162159045567;0.2933483337933416;0.26772781993652706;0.24112515229330975;0.21737311414487276;0.20739688665050782;0.21377931955322588;0.20777231967111828;0.23168396571933997;0.25236453911068957;0.25190322420450223;0.2570297633342566
5,5,2,0.24835081699111328;0.231165659153289;0.21260534647697554;0.19071401703508492;0.17195384520679138;0.16304157015756968;0.14069990505191668;0.11810092867353231;0.1080194713330032;0.08947834316535129;0.08444799787122154;0.08721493937423613;0.08499404381025308;0.07771363958719231;0.07177925758084375;0.0757544018778027;0.07810205007387484;0.07848612245612778;0.09150972772843753;0.08920985934433683;0.09780669207569685;0.09577092480076838;0.09490059616401243;0.10383416087905921
5,5,3,0.5486068941265856;0.5602490802295489;0.5646032415965202;0.5572357571613606;0.5991888968869692;0.6249107183373015;0.5812907953056403;0.5766745651990166;0.6017081176384346;0.6053982007522678;0.6134461516212157;0.612030447294311;0.6499751647237032;0.6977642408028164;0.7323301594920472;0.7240996733080101;0.7347338800128046;0.7282955513292123;0.7173490819011811;0.7513197320818018;0.7341484382523249;0.7165337146335372;0.697499888358557;0.6512797318157664
5,5,4,0.24053748794380014;0.23922355961628775;0.2317543025808285;0.23537825852518565;0.2537837163903106;0.2701941967562658;0.2898115073837696;0.30577027470443907;0.346873886446392;0.34848903692888233;0.35409921506897574;0.3735945069807316;0.3862741555366627;0.3874709424126121;0.39077829710600265;0.3963019667984262;0.41285259481889847;0.4227659995084483;0.4157457494029015;0.3929325352998641;0.37411299504949036;0.3664924412232412;0.36006676095718215;0.3344439857300267
5,5,5,0.12409465931896857;0.10564093163280631;0.09314777845556417;0.10146644670912246;0.08248255613958538;0.08383438780015563;0.08236447333986749;0.08392084152888693;0.08994721130637125;0.09841442716096896;0.10397990920512334;0.14592579327758987;0.15029646013692188;0.16553051014089026;0.1692734502178644;0.2008191269827091;0.21321222235993997;0.2020681049218661;0.21786752353180205;0.24555626603904623;0.23688986131519635;0.23075360751894838;0.23487476329325577;0.23318072982758944
5,5,6,0.2884755674824379;0.2610613946594821;0.2817523551804989;0.3080436115000859;0.32288489195653625;0.3190639264380287;0.32270973038269657;0.3478423630813717;0.3704786149258597;0.3897028891601838;0.3830252356431197;0.3801013112531873;0.3764192044082908;0.3422755621042331;0.3384126674273374;0.29921645567673094;0.26072856660170524;0.24314377148444227;0.1975452336597765;0.16842955458241135;0.14467414073742021;0.12088276253342461;0.1221347480071989;0.09842805524066384
5,5,7,0.41915969922817325;0.41416615263284123;0.40093715206074315;0.3845425526423118;0.371516402873384;0.36130286430332753;0.32832987960333426;0.2948384993309035;0.25101263662191925;0.22302248886959952;0.19247470408480652;0.17491659084203903;0.15053286286130074;0.135189984633258;0.12796148440609642;0.1339478339296303;0.13731855404390358;0.12324546130869864;0.11251741642893524;0.09788490392423023;0.0957653389850926;0.10738952547218568;0.11995522433466053;0.1249561469809527
5,5,8,0.30095269930182134;0.29733328259943;0.2777930463101406;0.2652840154501034;0.2576553007643954;0.24594200849964512;0.24520257372128737;0.2445300909287752;0.24244813434783435;0.23413560865105434;0.23588280189417682;0.2523237612219822;0.2667458635055592;0.2688717666991883;0.2616769023400984;0.2682746208402809;0.2634974744926087;0.262582633877979;0.25491474531800373;0.24628825244667327;0.24753178081864177;0.24977409717714216;0.2571087600245464;0.2594866791905466
5,5,9,0.6523530038356973;0.6763408042101847;0.702417134629074;0.7131804052430094;0.7109127391135956;0.6876744221886768;0.66337650609045;0.6518709532846529;0.6304301446260174;0.6006681225907912;0.6127893943503239;0.6244756054344149;0.5969153242847733;0.5878265842956383;0.5682566795910006;0.5513586132951773;0.5200723469375538;0.5143095885808361;0.4727852647633883;0.40267879483777386;0.3717242259303796;0.37526607567500636;0.38590855873259217;0.3849798016569255
5,5,10,0.4428133867623301;0.4368690894435429;0.44147153383302695;0.45309124871939477;0.4438808818198258;0.4445222867018142;0.4457771472760982;0.44174743159729674;0.450128255729344;0.46624409624399094;0.4613831215321642;0.45930553470498525;0.46782447831936963;0.474127371332115;0.46046665355673383;0.46076907627747715;0.4525464394373005;0.4484180605580296;0.45711455338916396;0.43104373890566977;0.3995554170528666;0.38051306821962894;0.36665272157552337;0.34931336531859
6,6,1,0.16425840215067525;0.13294302209262665;0.11133153157364648;0.09282663619899566;0.08574422085470414;0.09032794191445565;0.08169538588329381;0.08147425696747096;0.0871583888800162;0.0821393993612105;0.0818058053941418;0.09723643146457503;0.10480541300221116;0.10484473195849298;0.08715081073994611;0.09140297529523222;0.09334187002046267;0.08806004438214918;0.09897583184668908;0.10241484084995077;0.1026465229055409;0.10270972976402686;0.10171719418854915;0.10082987953029647
6,6,2,0.36871377599457444;0.36018703986367556;0.3687977577158913;0.3850399714513441;0.36914235939157436;0.3701586368816491;0.36866198417097623;0.3587159158911004;0.3594479517402723;0.3736317282252483;0.3689861556789977;0.36896580056312195;0.3696587275282121;0.3764606991577075;0.3512008306821904;0.34642366358826193;0.3292611158755881;0.3307575267523385;0.33689129475258583;0.30762635419747164;0.278990188972756;0.2578800766377048;0.25056222153723456;0.2431021952972572
6,6,3,0.3408809460767563;0.32212849494984896;0.3228591151465405;0.31932391374158675;0.3100334201402153;0.3040483709134446;0.28969638492024014;0.26457103618155087;0.23547707874999965;0.21293558446883776;0.17535166409159925;0.16334885776096983;0.15377140563847225;0.13536973261107868;0.12569524545178454;0.11795041825389692;0.11534040270269814;0.09869053114355957;0.09703926598712168;0.08641218073716804;0.09220019974657938;0.11073048250495234;0.13294391287997473;0.13897277288387533
6,6,4,0.22893511847174244;0.23182918026558133;0.21060001030034065;0.19939953146244874;0.18863457239117692;0.17754907739753223;0.1739749577153345;0.1675020452298316;0.1773708854338931;0.16944553184789884;0.1703125254614938;0.19677575504179892;0.21274698770211523;0.21245610900897482;0.20707701130672185;0.22045694668986995;0.21866881516886905;0.22221208299540726;0.2239970336481696;0.22268892121190384;0.2188243468293662;0.22009699473278652;0.2165826546116435;0.20476323957827475
6,6,5,0.4181055211577758;0.43162147975559917;0.43458066352544344;0.4269067405619478;0.4691108450202847;0.49162858775189267;0.4462733335389026;0.4442111042026457;0.4686364519957631;0.4703819103819555;0.4780265390210928;0.4755720887879908;0.5132159510195129;0.5578591137942226;0.5888631714507284;0.5776694930162742;0.5879173777151472;0.579387785051427;0.5678511283497029;0.6013513913186174;0.5807272771555294;0.5635642072607745;0.5444167698398674;0.4985141453858402
6,6,6,0.26571733901114963;0.2540211517282048;0.27194414497544395;0.2783988752404932;0.27850319464938855;0.2734441575220376;0.2885966968404343;0.3021219030376463;0.31187919464606273;0.3293108397393978;0.3222001251150043;0.31315450849450577;0.3060421409447972;0.2821524694901384;0.25782569301120534;0.22736360128712643;0.19300439560350158;0.18442434764048682;0.15358966274329433;0.13792514863127273;0.12923599696654436;0.11837694289867631;0.11710001010440235;0.11836314610505543
6,6,7,0.19110521429503854;0.18557424278838883;0.17884530845189375;0.18763057395348867;0.2190448158515085;0.24273927689619826;0.2592365002725731;0.27460428652065544;0.30847352268072675;0.30262540924752934;0.3065616508668365;0.322372203116065;0.34119080168344273;0.3469624092934604;0.35833929598391;0.35985423862679483;0.37424771895268355;0.38123407509586427;0.3792880929578996;0.35152965291156574;0.32642744827500386;0.319666728082648;0.31196197512856605;0.2803411594668469
6,6,8,0.4903459459041041;0.5287178721108046;0.5709437834204424;0.5877136482562783;0.5881397283262106;0.5541826595373018;0.5235415084753282;0.510351519868214;0.48981360030083576;0.453884965756785;0.47021166951578747;0.48216819953278545;0.44299508678835636;0.4311671814268469;0.4236994123131695;0.4212660306980279;0.39413535010265577;0.3750298736041989;0.32157266104249094;0.2542219217309186;0.23391155056947802;0.24138396454391464;0.2550378619333236;0.24797793644359595
6,6,9,0.09603265231346217;0.05888274071747261;0.042175862801470426;0.08302985503805577;0.060321626863759616;0.08020931035605487;0.05634681337195406;0.04810098635082913;0.047157865254288577;0.08010905484530624;0.07597764825832366;0.12402186934319324;0.0933367410890731;0.11054049190095963;0.15140834178640478;0.20574716991514855;0.231460280182127;0.20253255247987473;0.22166481571809357;0.2807330140035429;0.296627960849224;0.3140057659530968;0.33648577348413844;0.3885202908201852
6,6,10,0.2819240712808422;0.28245291155773683;0.2657342828155737;0.2480537541413045;0.2223403777652768;0.19936422456212655;0.1568631792840556;0.12814310784963306;0.1004967052311916;0.07391693931271864;0.0676315097426162;0.06038026585618656;0.04968448648278354;0.038133187041844076;0.04853373540663842;0.060705408011676544;0.07161401511866444;0.08264988795530367;0.09574479891328562;0.08393739570071372;0.09800472802813516;0.09988524140452285;0.10519220078875623;0.1168607334994973
7,7,1,0.2718881737640044;0.26429352586263904;0.2787141484155446;0.28495075712716894;0.2826555798224296;0.2808329212204858;0.2953577098737758;0.3050584656304497;0.3047794172222657;0.3194491713498941;0.3166438366631311;0.30125214429090824;0.2887905630501982;0.2647738142761561;0.24241848673022756;0.22371870159824417;0.19223228612067733;0.18856098565038057;0.17079206425495352;0.15326620577264305;0.14030649434782644;0.1277208163524022;0.12088617398586951;0.11636603404273661
7,7,2,0.15961508776670066;0.12755466269164178;0.1059807574927777;0.08797818642007754;0.08159227949221229;0.08712661593418368;0.07945905957064822;0.0804504460832529;0.08836235453960029;0.08599699462918124;0.08442687730257209;0.10025100911385916;0.10699681281837575;0.1012153673478589;0.08543104426446714;0.08771886725370276;0.08833338166571585;0.0843179606115418;0.09583189372789926;0.09716273115604826;0.10231400763115055;0.10501323858790912;0.10340774798027258;0.10106120904430467
7,7,3,0.23782901793359645;0.22825719452546075;0.23239642118144294;0.25290872319729774;0.26619800053859516;0.28341319652401453;0.2988378107760614;0.30152316323717665;0.3235181490322701;0.3264284357771858;0.32745256246121957;0.33630827724548346;0.3551698357169321;0.36534409850197297;0.35087343825075107;0.357262594907302;0.3643057832793805;0.36675385426364315;0.3620596108570011;0.3434454755357506;0.3219020625784696;0.3022581631714722;0.28949792009626146;0.27580193791414426
7,7,4,0.27637733764614886;0.2709079797663627;0.25917734298499584;0.24425214946091753;0.22002555716500996;0.1946039479363747;0.14870013921669617;0.1132809422986978;0.08523630083896316;0.05831998650401047;0.05634615523884724;0.0646147478795332;0.05751752352483653;0.047575525391907764;0.05663613619111841;0.07304302304995344;0.0887675470267247;0.09589403792113044;0.10599348770415071;0.09397568292635791;0.10933801571271949;0.11075124939823353;0.12190700008190256;0.13509048883672117
7,7,5,0.3896725924739827;0.40443417009250665;0.40855866496032545;0.4020129463968371;0.4453023374182106;0.46883581832067683;0.42447301071218535;0.4233940184528154;0.4487308797144409;0.4513422410101659;0.45983208629940947;0.45818320942615853;0.49660580031000306;0.5419756621507417;0.5736813657967654;0.5631721739754402;0.57409838305163;0.5662043223821337;0.5552892459196722;0.5893837794036172;0.5693071632820631;0.5527019953793109;0.5340800282608259;0.48868106048968285
7,7,6,0.16651254108059432;0.16287308865944156;0.14528535018310923;0.14201452378933943;0.15201354089846317;0.13167125933428786;0.13529864883211878;0.13648883809770232;0.16554375329425322;0.17197380410628157;0.19260141658987176;0.22756236947915504;0.2629917628173666;0.2684228778884446;0.2770671274452117;0.28086239697242;0.2644407623595082;0.2432752917133138;0.20727560707725104;0.1891246578195224;0.15636432116127247;0.13313515781904348;0.12057066246085249;0.11896045929330479
7,7,7,0.43304488576893674;0.4641291534614037;0.4886824696678635;0.5027606277637604;0.5004100857192442;0.4877114793444488;0.45583923958839245;0.45004773718696944;0.43936334900275076;0.4151957007320334;0.4132438156474212;0.43237357125517845;0.413526216105137;0.40562704275726685;0.38734084864684254;0.36398897923124496;0.3327766576324857;0.32697768485011297;0.3043939840791293;0.23939998399694293;0.2140200376489167;0.22410070376043945;0.23382584598207606;0.2264881933264324
7,7,8,0.3151215015321786;0.30268491042267476;0.3024617726193275;0.2969328583606967;0.2903641442738044;0.28820723607167775;0.27300355276793487;0.2547235490127729;0.22625630620572817;0.2087676779818882;0.16795597726280878;0.1471625999493794;0.1378312438900755;0.1282406785784705;0.11368210402412621;0.09967871801444698;0.09244362304272863;0.07920966522495614;0.07752202661278079;0.06600186990354823;0.07568883657512859;0.09367245726340072;0.11526808829484952;0.11732169281192173
7,7,9,0.1026933613039537;0.08545861039019892;0.06572087235005053;0.09151062472178248;0.07074290336596249;0.08962956435738265;0.0808154936852625;0.07476096929810973;0.0727299781943106;0.0963432313338876;0.10172805361039228;0.13796634430198373;0.10823370672993515;0.12323849673604674;0.1775521246610874;0.21985626009917086;0.24537639183778026;0.22899662196335957;0.24848048056893837;0.3002873929606582;0.32981907121808157;0.3556271992215761;0.3883438128492041;0.4194511477929284
7,7,10,0.23964565002301774;0.2391038390023578;0.22744655384258075;0.2167752182163823;0.19837746774234286;0.1946840053473817;0.19732713089030543;0.1991173300728835;0.2069697221160582;0.19277545939463084;0.17659225720894636;0.18845138649997878;0.18482148598579928;0.1743603585665891;0.17416329074344364;0.18819048127106439;0.19707905631570544;0.21219701394016877;0.233167243646977;0.23789954401994656;0.23560050264577082;0.25709186780980153;0.2634201752971909;0.252571559079069
8,8,1,0.16203108116763024;0.16044503809292635;0.13306191019409297;0.11629727198979899;0.12153103987893774;0.13179592311507063;0.139467174913766;0.14213435273201117;0.15799860794731868;0.15102862449075402;0.15893790392618573;0.1880223419249417;0.211494401023769;0.217200323072473;0.210513358270333;0.21304246351169656;0.1952775978893444;0.1822167855933412;0.17712921269965595;0.16716169321374366;0.14088370715152107;0.12271340916605453;0.11563419677273318;0.11045861940580476
8,8,2,0.2786855445051572;0.25824963821014457;0.2882436357376566;0.2965293310075286;0.3006587953791137;0.3026778345712162;0.32057365347169137;0.33055205289365136;0.3307740724949639;0.3444478220515226;0.3276626166614129;0.3112997191867521;0.30168821893645553;0.2677368670401898;0.2436785474286387;0.21112384371206563;0.17693036219033748;0.17048400427368005;0.14631720850815788;0.1332789755561268;0.12611322803023362;0.12514202979448474;0.13404209778523207;0.13083755759689478
8,8,3,0.42525608683772576;0.4400350764891541;0.44435715194778935;0.4379723731067011;0.4813731286937272;0.5052973189029872;0.46133120814166695;0.4603152241479959;0.48583655736906317;0.4887642137592189;0.4975062714509304;0.49615479799658824;0.534829451223671;0.5806850434852432;0.6130275685571356;0.603214794008225;0.614674877381127;0.6074012462415346;0.5969986253417966;0.631546827590677;0.6121416909648844;0.5959610862893147;0.5777165142147144;0.5326026268527551
8,8,4,0.22836952509357672;0.21509091862813992;0.19457979800659767;0.17451071241164123;0.1511863853625398;0.13766518550430468;0.10942092891287736;0.0826084426943139;0.07239618442735299;0.05824560137630328;0.05913992565289607;0.06610443618196228;0.06728663161674282;0.05994280712164791;0.06120428241237489;0.0695127430305172;0.07620854997726603;0.08025019791201674;0.09256896119559167;0.09114972002575826;0.0992690834624865;0.10211145368822765;0.09983362751800862;0.10743983158992597
8,8,5,0.21354301326773178;0.20755754300744453;0.1960084038898474;0.19890041330416286;0.2120120659810679;0.22178401525969552;0.2396708451616692;0.26028341044403425;0.3028260768411098;0.30524125333982616;0.3132940363025728;0.3404415020388957;0.3510691027830891;0.3547770544339828;0.3514727798764386;0.35900352373728234;0.3669361727514696;0.36296586531729136;0.3445468611325007;0.3168477350383865;0.29697607915109936;0.2739095746712625;0.26172284167285975;0.23850440038934584
8,8,6,0.4995851133566594;0.5394434930039834;0.5833572188057585;0.6019029462157787;0.6040563896804041;0.5717397966839136;0.542487897060741;0.5305328448277221;0.5111628814523599;0.47626186588345915;0.49341472010167664;0.5063284893083189;0.4680992770176226;0.4569395272402918;0.45013335326893694;0.4483067231650067;0.4217601006496966;0.40306631386665953;0.3499540965197285;0.2826650120301163;0.2621413476281574;0.2694199626253742;0.28295385630697145;0.2758362888334987
8,8,7,0.26392773384978413;0.26647278529797563;0.2577907428586191;0.24948291900965117;0.2297736548723915;0.21366812785035794;0.2139680732826931;0.2186019848802134;0.22064806940482298;0.20729221774769527;0.19867194379672493;0.20556092531670114;0.20174629405629105;0.19571003001946102;0.202433274845101;0.21429167817250025;0.22264934768752603;0.23524613715122242;0.24613409480308504;0.253059374114297;0.2660367850578483;0.29306034038176854;0.3120096133365489;0.30025400380962597
8,8,8,0.34766201624946436;0.3340909064881607;0.3287331131738903;0.32574268497450454;0.31997864537649995;0.3121550509828534;0.280157545146847;0.2535973821884681;0.2155173084429233;0.19219854840515754;0.15493389737951485;0.14162630171710877;0.12547704770782922;0.11963947771738823;0.10564356292472521;0.09997947236221463;0.10590333462941201;0.09418467838756836;0.09743042662897261;0.08625523241560645;0.09297468955554525;0.10621868929783912;0.1188693336365807;0.1282289483158953
8,8,9,0.09793717712804184;0.054148114414081225;0.038278737086202455;0.0628080877805969;0.04913257106911591;0.06670588560501009;0.057691304128103166;0.0671105938245899;0.06636964859175834;0.07787992347322976;0.06282837548029656;0.11739851630350634;0.09839311235999317;0.1049032968031276;0.1179631503577706;0.16092714477192338;0.1823494365376321;0.16760881220161966;0.1887439690580819;0.2324864495910921;0.26238168018667435;0.2745363597006217;0.2936752289875733;0.3150334670887076
8,8,10,0.3576388348336571;0.3479250984522564;0.35757947645110955;0.3801006242655913;0.37903094143382277;0.38297379400488896;0.3796872019643358;0.3718928221931918;0.37281723823326784;0.3853398925758005;0.3823689547537484;0.3743461454559773;0.3885412521089732;0.39986127429665375;0.37808593736842233;0.37331936498602825;0.36457421632123094;0.3662650788307076;0.37949356769418074;0.34949648921692905;0.31897377741872984;0.31019917153101806;0.29824233860390287;0.2908493902988593
9,9,1,0.358846759271382;0.33769311717586925;0.35491579093831915;0.3684392964752636;0.37223539157617824;0.3707691927739276;0.3778462419643743;0.3817120466861465;0.3775979743555857;0.37780692428036483;0.35617818614560975;0.3371458604941429;0.3244232742623825;0.2904933490214598;0.2648090425386598;0.23193318203902152;0.20065403075413812;0.1960717142480983;0.18182328548279167;0.16465764876759814;0.16441190378517753;0.1668466779568173;0.1737275994605489;0.17214002081400812
9,9,2,0.24242982932974189;0.22594288920110397;0.20676003601123794;0.18388537420211676;0.16771614996215212;0.15989321611296994;0.13489058756883554;0.11045904552938551;0.10116576396444675;0.08143679363742308;0.0773148427824924;0.0837330568674475;0.08352317335643417;0.07817691178055171;0.071800729032847;0.07173980633674117;0.07472282124004045;0.073776802830165;0.08786336428722455;0.08415099160882136;0.09583541133242672;0.0940300262227998;0.09252332342757077;0.10316020840436214
9,9,3,0.5112195461067318;0.5229920907441761;0.5271659181245434;0.5197103929884659;0.5616394492480773;0.5869607191593831;0.543033715350382;0.5385708875149635;0.5634844360165805;0.5668961224179947;0.5748012420024381;0.5731761651901458;0.6109837876684111;0.6583225992926411;0.6923286725482966;0.6835436127513668;0.6938771250063644;0.6869767369357228;0.6757222857673705;0.7094219388295622;0.6916645612533097;0.6738508018080037;0.65460388632605;0.608247005827354
9,9,4,0.214882804762047;0.21093297464727026;0.20219636836758725;0.2141949105796462;0.23854214256088282;0.2592091272722909;0.2814388453246097;0.2990290995538813;0.3371340247261569;0.33587571848211484;0.3461303327099647;0.3659662073275156;0.3776661266899544;0.38369295557169286;0.386622158717701;0.391963336178999;0.40558576177212025;0.41087924612878185;0.4015233028988321;0.3758574125443308;0.3582524849800446;0.34800334895443036;0.3416033925183015;0.316230061263272
9,9,5,0.11361562032885587;0.09114761583978062;0.08618879340266553;0.09790653597107511;0.07518313936219538;0.08252763086631604;0.07576530847053316;0.0771711909414993;0.07984558616429166;0.08617340283217544;0.0774550760842299;0.1109834556209088;0.1171687823410154;0.13374690545467519;0.14340877524125042;0.1747862169924693;0.1913843576402336;0.1821363073466738;0.19959948035621022;0.2197786714574593;0.21013047723637346;0.21000561869993073;0.2180067946645573;0.2216049491364286
9,9,6,0.24003683822033078;0.22293237649147238;0.19540840278759433;0.18009525596418743;0.17479279523369343;0.17219508766317673;0.18029090454684293;0.19018660876788862;0.21236150376627128;0.22478090115898333;0.23588047169869816;0.26614298371895945;0.2914147227171901;0.29270833922697703;0.28400507227925986;0.2798144408902884;0.2539837410921655;0.23591269689008385;0.2108085862837936;0.21068071386285958;0.20645974588967314;0.1868874623912343;0.18646247815376796;0.1797478757526056
9,9,7,0.39470591668077715;0.38957537748342685;0.37619917321931035;0.35974543930601527;0.3467097828873021;0.3365003024315427;0.3035457993686121;0.2702786261664991;0.22672969467799228;0.20086199350791703;0.17029180272738828;0.15474841847229068;0.13643424279492616;0.12219979187534094;0.11393807976038804;0.1184147520545612;0.12307118787008868;0.11000861753034984;0.10208367930828834;0.08951784634398675;0.08664940675327698;0.10088128599509337;0.1143738647152761;0.12123987717792863
9,9,8,0.41609632027217097;0.4100986649667909;0.41456637005412367;0.4260087606759287;0.41656828274651153;0.41712833283646444;0.4182259226116865;0.41405421989169644;0.42233372077330017;0.4382592185864962;0.4331479717265353;0.4309587258069038;0.43933573071118126;0.44543202714972174;0.43157821397190743;0.4318306368039137;0.4234630886531442;0.4192810920871713;0.42790061891271974;0.40167272191722503;0.37029662212483344;0.3514287637271478;0.3377204800483525;0.32054812884165274
9,9,9,0.6044452013012085;0.6285706308004518;0.6545050305106986;0.6650998549662438;0.6627175648282111;0.6394283601256538;0.6152402551992684;0.6038860176831343;0.5825548111301562;0.5530188323843191;0.5654631165565647;0.577200415980438;0.5497105820542312;0.5409578956533768;0.5215945752733342;0.5050300352075725;0.4740756503231455;0.46879485584928887;0.4275960021676701;0.35813054825526275;0.3280757376125941;0.3323315494034321;0.3435178488831857;0.3430774792616119
9,9,10,0.3518456243489221;0.3546038452653153;0.34525819043454914;0.34485543951087544;0.32449796347088605;0.29435101931486757;0.27697147728571814;0.2651777206643955;0.2612118315761467;0.2363899570096082;0.22108237877462822;0.23267991934604673;0.22575560001919914;0.2191078661407689;0.22902018466584384;0.2469913926350375;0.26596600905260237;0.2759404532416159;0.2912048460382786;0.2874582777020496;0.29347826572054136;0.3178697451750865;0.3193095153298391;0.3092750933341913
10,10,1,0.2582832540746452;0.24507685240986965;0.26456720384581384;0.2730150182673193;0.27421353090788203;0.2715342965504382;0.296254277232544;0.3114780516029723;0.3209021641839782;0.3411157216276721;0.32350394115958564;0.3123673969010209;0.300257577745062;0.27442578222812436;0.24689258394807492;0.20960985361922815;0.17697579294617494;0.1762443275578138;0.1489153358721363;0.130154518681022;0.12325691659252598;0.11270487692266058;0.1141925980881012;0.11994756272084117
10,10,2,0.1565359189074776;0.1269280966005162;0.10551142684055569;0.08699384334037448;0.08111586469401386;0.08546328682028145;0.07756356736572592;0.07574529294144904;0.08386047977450202;0.08093287678450117;0.07867075653814844;0.09593781361547345;0.1044881425639936;0.10280062788963507;0.08978327428389037;0.09206533033509752;0.0925542056049846;0.08503522458334378;0.0954901408144427;0.09722064413725719;0.09853563121725216;0.10116757195503492;0.10079654179705394;0.09717261878731823
10,10,3,0.2655717873248967;0.2568380893857168;0.26318368067872056;0.28402496336279676;0.2888738320475177;0.3026390522965998;0.3124904318855907;0.3131486510570571;0.33342731557336963;0.3408668827821013;0.34290662749742284;0.34446613749334487;0.35727785902775566;0.36677325260569504;0.36236418314256896;0.3725499131672445;0.3736133561754906;0.369324553355575;0.3697033531774767;0.34531838108473606;0.31414688655299444;0.28907099953632825;0.27573811755934224;0.2632537332261286
10,10,4,0.4156476427294338;0.42962407679568204;0.43289886454202;0.4255769249920816;0.4681341971764688;0.4908861516720957;0.4458408104490388;0.4442115112966545;0.46891428330098495;0.47089346121943265;0.47882930666057905;0.4766341970891409;0.5145550826452319;0.5593803726492423;0.5905862151139152;0.5796419958782502;0.5902258414905112;0.5819543394199049;0.5707187890649219;0.6044993997417657;0.5840496643914131;0.567197740458702;0.5483053243959515;0.5026447274467274
10,10,5,0.22556407926380828;0.22526674347288547;0.1946471469248703;0.1880341103041785;0.19698273797408536;0.1914369609204946;0.1748981329481389;0.16419283253218958;0.1774565326276597;0.17328671932864034;0.20114552041628717;0.2346154557265989;0.26764574221937637;0.26988113670829555;0.27921490555745265;0.2988183940111254;0.2806336029196205;0.24643878563332022;0.20459397134885804;0.19251141393032875;0.17189726575126932;0.14654434607714723;0.1272978454008879;0.11686950154529473
10,10,6,0.3196071893373351;0.3097556448219908;0.31280277645741056;0.30419414177070797;0.29607330085791733;0.29572843500850254;0.281761974280223;0.2584408465976574;0.23186572373328018;0.21636967618948286;0.17178735254658709;0.16282935375547253;0.15307497393912378;0.1400277910203274;0.13012663170185662;0.11621448993338224;0.1020625213641144;0.07748310609290213;0.06768690583085038;0.05724002068022775;0.06547077721191971;0.08010312431994064;0.10425441470249204;0.10625685660949248
10,10,7,0.3238400659431121;0.30987187387028525;0.3095966284044593;0.3039063258922401;0.28974323874820346;0.26304201768235613;0.2484498041282813;0.2316474770268143;0.21533896106820385;0.18785002358294756;0.17583411646302874;0.1727399779985822;0.17929769693687753;0.16610057681115728;0.15495916217425826;0.16953212919711638;0.18525962040274357;0.20222612474889345;0.22054900397395127;0.21629409044946363;0.21573435484016926;0.24348980113455632;0.2596318504611773;0.25848044915539026
10,10,8,0.27431769457324706;0.2753527826971113;0.2591046917966141;0.24191155053301266;0.21664970685943932;0.19411134824046342;0.1520049930389456;0.12368782436202232;0.09635151347625813;0.07135632863235443;0.06656461628515453;0.057766228993822895;0.04396063500001499;0.03241933796644634;0.04615144660947602;0.059601081854999814;0.0711300553298073;0.08219769319244893;0.09733450691455918;0.08548039969151355;0.09931469684981042;0.09855462629874046;0.10363474405191458;0.11091596613341981
10,10,9,0.1285638059027198;0.12021396463615314;0.10039099914802893;0.10293542043470515;0.09836983072192737;0.1095837463869091;0.12326294991712355;0.126937974339664;0.14676866111689216;0.14755252515015882;0.16244030715169153;0.1991027966828675;0.18820304086554704;0.19160418668774967;0.19896965423005075;0.21417287621201234;0.23079192244269478;0.24231739597779736;0.25515764571307725;0.27617079674892175;0.28604489814060563;0.292965504200011;0.29711946967865344;0.2874166656933461
10,10,10,0.46533339629574483;0.495368988739428;0.5188296613151041;0.5319010127927141;0.5286089696153422;0.5150363934988447;0.48233526869832105;0.47576771358176023;0.4642782079355225;0.43935082993438695;0.43668162430876917;0.4550741161391407;0.4354945224736186;0.4269641972780658;0.4080344276334098;0.3840812764537651;0.35228608513892823;0.3459261940374006;0.32274821024841494;0.25721357962449426;0.23135934272862138;0.24088051176568803;0.2500166342685188;0.24212832317689656
